{
	"miniprogramRoot": "src/",
	"packOptions": {
		"ignore": []
	},
	"setting": {
		"urlCheck": false,
		"es6": true,
		"postcss": true,
		"minified": true,
		"newFeature": true,
		"nodeModules": true,
		"autoAudits": true,
		"checkInvalidKey": true
	},
	"compileType": "miniprogram",
	"libVersion": "2.7.2",
	"appid": "wxc4ee73bd631ccad8",
	"projectname": "%E7%8E%AF%E4%BF%A1%E5%8D%B3%E6%97%B6%E9%80%9A%E8%AE%AF%E4%BA%91",
	"isGameTourist": false,
	"simulatorType": "wechat",
	"simulatorPluginLibVersion": {},
	"condition": {
		"search": {
			"current": -1,
			"list": []
		},
		"conversation": {
			"current": -1,
			"list": []
		},
		"game": {
			"currentL": -1,
			"list": []
		},
		"miniprogram": {
			"current": -1,
			"list": []
		}
	}
}